,제목,저자,출판사,발간일,가격
0,책들의 부엌,김지혜,팩토리나인,2022년 05월,"13,050"
1,소년이 온다,한강,창비,2014년 05월,"12,600"
2,튜브,손원평,창비,2022년 07월,"13,500"
3,훌훌,문경민,문학동네,2022년 02월,"11,250"
4,천 개의 파랑,천선란,허블,2020년 08월,"12,600"
5,[최근담] 가꾸는 이의 즐거움,이유리,예스이십사,2022년 04월,0
6,저만치 혼자서,김훈,문학동네,2022년 06월,"13,500"
7,망원동 브라더스,김호연,나무옆의자,2013년 07월,"11,700"
8,회색 인간,김동식,요다,2017년 12월,"11,700"
9,난장이가 쏘아올린 작은 공,조세희,이성과 힘,2000년 07월,"11,700"
10,한국단편소설 40,성낙수,리베르,2012년 11월,"15,120"
11,트로피컬 나이트,조예은,한겨레출판,2022년 08월,"13,500"
12,"시선으로부터,",정세랑,문학동네,2020년 06월,"12,600"
13,[예스리커버] 완전한 행복,정유정,은행나무,2021년 06월,"14,220"
14,위저드 베이커리,구병모,창비,2022년 03월,"12,600"
15,애쓰지 않아도,최은영,마음산책,2022년 04월,"13,050"
16,친밀한 이방인,정한아,문학동네,2017년 10월,"11,700"
17,쇼코의 미소,최은영,문학동네,2016년 07월,"10,800"
18,지구에서 한아뿐,정세랑,난다,2019년 07월,"11,700"
19,종의 기원,정유정,은행나무,2016년 05월,"11,700"
20,살인자의 기억법,김영하,복복서가,2020년 08월,"9,000"
21,나는 소망한다 내게 금지된 것을,양귀자,쓰다,2019년 04월,"13,500"
22,가녀장의 시대,이슬아,이야기장수,2022년 10월,"13,500"
23,피프티 피플,정세랑,창비,2021년 08월,"12,600"
24,[최근담] 그래머블 제로 Grammable zero,박서련,예스이십사,2022년 05월,0
25,채식주의자,한강,창비,2022년 03월,"13,500"
26,하쿠다 사진관 ,허태연,놀,2022년 07월,"13,950"
27,크리스마스 타일,김금희,창비,2022년 11월,"13,500"
28,사서함 110호의 우편물,이도우,수박설탕,2022년 07월,"13,500"
29,방금 떠나온 세계,김초엽,한겨레출판,2021년 10월,"13,500"
30,파과,구병모,위즈덤하우스,2018년 04월,"12,600"
31,작별하지 않는다,한강,문학동네,2021년 09월,"12,600"
32,재벌집 막내아들 1,산경,테라코타,2022년 11월,"15,300"
33,여름의 빌라,백수린,문학동네,2020년 07월,"12,150"
34,아가미,구병모,위즈덤하우스,2018년 03월,"11,700"
35,재벌집 막내아들 2,산경,테라코타,2022년 11월,"15,300"
36,바깥은 여름,김애란,문학동네,2017년 06월,"11,700"
37,재벌집 막내아들 3,산경,테라코타,2022년 11월,"15,300"
38,칼의 노래,김훈,문학동네,2014년 01월,"13,500"
39,재벌집 막내아들 5,산경,테라코타,2022년 11월,"15,300"
40,재벌집 막내아들 4,산경,테라코타,2022년 11월,"15,300"
41,그 많던 싱아는 누가 다 먹었을까,박완서,웅진지식하우스,2021년 01월,"11,700"
42,나인,천선란,창비,2021년 11월,"13,500"
43,해가 지는 곳으로,최진영,민음사,2017년 06월,"12,600"
44,전지적 독자 시점 PART 1 - 01,싱숑,비채,2022년 01월,"12,150"
45,홍학의 자리,정해연,엘릭시르,2021년 07월,"12,600"
46,날씨가 좋으면 찾아가겠어요,이도우,시공사,2018년 07월,"12,420"
47,한국고전소설 40,권정현,리베르,2013년 01월,"15,120"
48,아몬드,손원평,창비,2022년 05월,"10,800"
49,재수사 1,장강명,은행나무,2022년 08월,"14,400"
50,세계를 건너 너에게 갈게,이꽃님,문학동네,2020년 11월,"11,700"
51,재수사 2,장강명,은행나무,2022년 08월,"14,400"
52,빨치산의 딸 1,정지아,필맥,2005년 05월,"8,550"
53,전지적 독자 시점 PART 1 - 02,싱숑,비채,2022년 01월,"12,150"
54,홈 스위트 홈,최진영,문학사상,2023년 02월,"13,950"
55,믿음에 대하여,박상영,문학동네,2022년 07월,"13,050"
56,전지적 독자 시점 PART 1 - 06,싱숑,비채,2022년 01월,"12,150"
57,전지적 독자 시점 PART 1 - 07,싱숑,비채,2022년 01월,"12,150"
58,빨치산의 딸 2,정지아,필맥,2005년 05월,"8,550"
59,불장난,손보미,문학사상,2022년 01월,"13,950"
60,전지적 독자 시점 PART 1 - 03,싱숑,비채,2022년 01월,"12,150"
61,전지적 독자 시점 PART 1 - 08,싱숑,비채,2022년 01월,"12,150"
62,전지적 독자 시점 PART 1 - 05,싱숑,비채,2022년 01월,"12,150"
63,"알로하, 나의 엄마들",이금이,창비,2020년 03월,"13,320"
64,나나,이희영,창비,2021년 10월,"11,700"
65,내게 무해한 사람,최은영,문학동네,2018년 06월,"12,150"
66,전지적 독자 시점 PART 1 - 04,싱숑,비채,2022년 01월,"12,150"
67,페인트,이희영,창비,2019년 11월,"10,800"
68,아라의 소설,정세랑,안온북스,2022년 08월,"13,500"
69,대도시의 사랑법,박상영,창비,2019년 07월,"12,600"
70,노랜드,천선란,한겨레출판,2022년 06월,"14,220"
71,원미동 사람들,양귀자,쓰다,2012년 12월,"11,700"
72,랑과 나의 사막,천선란,현대문학,2022년 10월,"11,700"
73,테스터,이희영,허블,2022년 11월,"12,600"
74,2022 김승옥문학상 수상작품집,편혜영,문학동네,2022년 09월,"9,000"
75,내게 남은 사랑을 드릴게요,이유리,자이언트북스,2023년 01월,"14,220"
76,아홉살 인생,위기철,현북스,2020년 05월,"10,800"
77,7년의 밤,정유정,은행나무,2011년 03월,"13,050"
78,장미의 이름은 장미,은희경,문학동네,2022년 01월,"13,500"
79,땀 흘리는 소설,김혜진,창비교육,2019년 03월,"13,500"
80,비행운,김애란,문학과지성사,2012년 07월,"10,800"
81,한국단편소설 70,박완서,리베르,2013년 01월,"15,120"
82,남한산성,김훈,학고재,2017년 07월,"14,400"
83,돌이킬 수 있는,문목하,아작,2018년 12월,"13,320"
84,클로버,나혜림,창비,2022년 09월,"12,600"
85,아홉수 가위,범유진,안전가옥,2021년 10월,"9,000"
86,유령의 마음으로,임선우,민음사,2022년 03월,"11,700"
87,귤의 맛,조남주,문학동네,2020년 05월,"11,250"
88,고구려 7,김진명,이타북스,2021년 06월,"14,220"
89,고래,천명관,문학동네,2004년 12월,"13,500"
90,행성어 서점,김초엽,마음산책,2021년 11월,"13,050"
91,새의 선물,은희경,문학동네,2022년 06월,"14,400"
92,1차원이 되고 싶어,박상영,문학동네,2021년 10월,"13,320"
93,광장/구운몽,최인훈,문학과지성사,2014년 12월,"10,800"
94,무진기행,김승옥,민음사,2007년 08월,"8,100"
95,百의 그림자,황정은,창비,2022년 02월,"13,500"
96,호수의 일,이현,창비,2022년 01월,"12,600"
97,므레모사,김초엽,현대문학,2021년 12월,"12,600"
98,두근두근 내 인생,김애란,창비,2011년 06월,"12,600"
99,소설 보다 : 봄 2022,김병운,문학과지성사,2022년 03월,"3,150"
100,마음에 없는 소리,김지연,문학동네,2022년 03월,"13,050"
101,칼의 노래,김훈,문학동네,2012년 01월,"12,600"
102,브로콜리 펀치,이유리,문학과지성사,2021년 10월,"12,600"
103,전지적 독자 시점 Part 1 : 제4의 벽 에디션 세트,싱숑,비채,2022년 01월,"115,200"
104,호텔 이야기,임경선,토스트,2022년 11월,"13,500"
105,엄마의 말뚝,박완서,세계사,2012년 01월,"16,200"
106,일의 기쁨과 슬픔 (특별한정판),장류진,창비,2021년 12월,"13,050"
107,달까지 가자,장류진,창비,2021년 04월,"12,600"
108,나는 나를 파괴할 권리가 있다,김영하,복복서가,2022년 05월,"10,350"
109,순이 삼촌,현기영,창비,2015년 03월,"13,500"
110,소나기 : 황순원 단편집,황순원,다림,2002년 01월,"8,100"
111,검은 꽃,김영하,복복서가,2020년 07월,"9,900"
112,보건교사 안은영 (리커버 특별판),정세랑,민음사,2020년 09월,"12,600"
113,"어느 날, 너의 심장이 멈출 거라 말했다",클로에 윤,팩토리나인,2021년 12월,"12,600"
114,목소리를 드릴게요,정세랑,아작,2020년 01월,"13,320"
115,나의 아름다운 정원,심윤경,한겨레출판,2013년 11월,"9,900"
116,나주에 대하여,김화진,문학동네,2022년 10월,"13,500"
117,여름과 루비,박연준,은행나무,2022년 07월,"13,050"
118,[예스리커버] 천 개의 파랑,천선란,허블,2022년 11월,"12,600"
119,메시지를 입력하세요,오휘명,히읏,2022년 02월,"13,770"
120,어떤 물질의 사랑,천선란,아작,2020년 07월,"13,320"
121,소설 보다 : 가을 2022,김기태,문학과지성사,2022년 09월,"3,150"
122,연적,김호연,나무옆의자,2015년 10월,"11,700"
123,날개,이상,문학과지성사,2005년 04월,"10,800"
124,28,정유정,은행나무,2013년 06월,"13,050"
125,인어 사냥 ,차인표,해결책,2022년 10월,"13,500"
126,수상한 초콜릿 가게,김예은,서랍의날씨,2022년 10월,"12,150"
127,숨 쉬는 소설,최진영,창비교육,2021년 08월,"14,400"
128,전지적 독자 시점 아트북 에디션 세트,싱숑,비채,2022년 09월,"160,650"
129,어느 날 내가 죽었습니다,이경혜,바람북스,2021년 03월,"11,520"
130,여행하는 소설,장류진,창비교육,2022년 03월,"14,400"
131,소설 보다 : 여름 2022,김지연,문학과지성사,2022년 06월,"3,150"
132,고독사 워크숍,박지영,민음사,2022년 06월,"13,500"
133,중고생이 꼭 읽어야 할 한국단편소설 45,오대교,생각뿔,2019년 08월,"16,650"
134,악마의 계약서는 만기 되지 않는다,리러하,팩토리나인,2022년 08월,"13,050"
135,젊은작가상 수상작품집 10주년 특별판,편혜영,문학동네,2019년 04월,"6,930"
136,채식주의자,한강,창비,2007년 10월,"10,800"
137,토지 1,박경리,마로니에북스,2012년 08월,"12,150"
138,로렘 입숨의 책,구병모,안온북스,2023년 01월,"13,500"
139,이상 소설 전집,이상,민음사,2012년 11월,"11,700"
140,설이,심윤경,한겨레출판,2019년 01월,"11,700"
141,김약국의 딸들,박경리,마로니에북스,2013년 03월,"13,500"
142,미스터 션샤인 1,김수연,알에이치코리아(RHK),2018년 09월,"13,320"
143,2021 제12회 젊은작가상 수상작품집,전하영,문학동네,2021년 04월,"12,600"
144,단순한 진심,조해진,민음사,2019년 07월,"11,700"
145,소설 보다 : 겨울 2022,김채원,문학과지성사,2022년 12월,"3,150"
146,"땡스 갓, 잇츠 프라이데이",심너울,안전가옥,2020년 01월,"9,000"
147,허구의 삶,이금이,문학동네,2019년 10월,"10,350"
148,구운몽,김만중,민음사,2003년 01월,"7,200"
149,소마,채사장,웨일북,2021년 12월,"13,500"
150,스노볼 드라이브,조예은,민음사,2021년 02월,"12,600"
151,나목,박완서,세계사,2012년 01월,"12,600"
152,보테로 가족의 사랑 약국,이선영,클레이하우스,2022년 09월,"13,500"
153,가시고기,조창인,산지,2019년 05월,"13,500"
154,흰,한강,문학동네,2018년 04월,"11,250"
155,세상에서 가장 약한 요괴,김동식,요다,2017년 12월,"11,700"
156,미스터 션샤인 2,김수연,알에이치코리아(RHK),2018년 10월,"13,320"
157,내가 되는 꿈,최진영,현대문학,2021년 02월,"12,600"
158,눈감지 마라,이기호,마음산책,2022년 09월,"13,500"
159,최선의 삶,임솔아,문학동네,2015년 07월,"10,800"
160,마법소녀 은퇴합니다,박서련,창비,2022년 04월,"12,600"
161,아버지에게 갔었어,신경숙,창비,2021년 03월,"12,600"
162,2022 제5회 한국과학문학상 수상작품집,서윤빈,허블,2022년 05월,"5,400"
163,다섯 번째 감각,김보영,아작,2022년 02월,"16,200"
164,헬프 미 시스터,이서수,은행나무,2022년 03월,"13,500"
165,서영동 이야기,조남주,한겨레출판,2022년 01월,"13,500"
166,밤의 여행자들,윤고은,민음사,2013년 10월,"11,700"
167,프리즘,손원평,은행나무,2020년 09월,"12,150"
168,운수 좋은 날,현진건,사피엔스21,2012년 02월,"6,300"
169,파도가 바다의 일이라면,김연수,문학동네,2015년 10월,"12,600"
170,가슴 뛰는 소설 : 사랑이 움직이는 순간,박상영,창비교육,2020년 08월,"14,400"
171,밸런스 게임,김동식,요다,2021년 03월,"11,700"
172,언제나 밤인 세계,하지은,황금가지,2022년 04월,"15,120"
173,그 산이 정말 거기 있었을까,박완서,웅진지식하우스,2021년 01월,"11,700"
174,소나기,황순원,맑은소리(동반인),2010년 01월,"6,300"
175,시간이 없다,정찬주,불광출판사,2022년 09월,"16,200"
176,곰탕 1,김영탁,arte(아르테),2018년 03월,"15,300"
177,자본주의의 적,정지아,창비,2021년 04월,"12,600"
178,시간을 파는 상점 (10주년 한정특별판),김선영,자음과모음,2022년 03월,"11,700"
179,82년생 김지영,조남주,민음사,2016년 10월,"11,700"
180,까칠한 재석이가 사라졌다,고정욱,애플북스,2022년 04월,"10,800"
181,페퍼민트,백온유,창비,2022년 07월,"12,600"
182,절연,정세랑,문학동네,2022년 12월,"15,300"
183,체공녀 강주룡,박서련,한겨레출판,2018년 07월,"11,700"
184,뉴서울파크 젤리장수 대학살,조예은,안전가옥,2019년 06월,"13,500"
185,어떤 진심 ,안보윤,현대문학,2022년 12월,"13,500"
186,"재인, 재욱, 재훈",정세랑,은행나무,2021년 09월,"7,200"
187,"거기, 내가 가면 안 돼요?",이금이,사계절,2017년 07월,"13,500"
188,산산조각,정호승,시공사,2022년 04월,"14,400"
189,도깨비 1,김수연,알에이치코리아(RHK),2017년 01월,"12,420"
190,뜻밖의 계절,임하운,시공사,2019년 08월,"11,520"
191,완득이,김려령,창비,2023년 02월,"12,600"
192,조커와 나,김중미,창비,2013년 01월,"10,800"
193,날마다 만우절,윤성희,문학동네,2021년 07월,"12,600"
194,[그래제본소] 오빠 새끼 잡으러 간다 ,염기원,문학세계사,2023년 02월,"13,050"
195,한 스푼의 시간,구병모,위즈덤하우스,2016년 09월,"10,800"
196,도깨비 2,김수연,알에이치코리아(RHK),2017년 02월,"12,420"
197,뜨거운 피,김언수,문학동네,2016년 08월,"14,850"
198,오즈의 마법사,L. 프랭크 바움,인디고(글담),2018년 01월,"11,700"
199,한국단편문학선 1,김동인,민음사,2000년 10월,"9,900"
200,경청  ,김혜진,민음사,2022년 10월,"13,500"
201,옥상에서 만나요,정세랑,창비,2018년 11월,"13,500"
202,아침을 볼 때마다 당신을 떠올릴 거야,조수경,한겨레출판,2019년 02월,"12,420"
203,13일의 김남우,김동식,요다,2017년 12월,"11,700"
204,카지노 베이비 ,강성봉,한겨레출판,2022년 07월,"12,420"
205,광개토태왕 담덕 1,엄광용,새움,2022년 07월,"14,400"
206,서른의 반격,손원평,은행나무,2017년 10월,"11,250"
207,광개토태왕 담덕 2,엄광용,새움,2022년 07월,"14,400"
208,엄마를 부탁해,신경숙,창비,2008년 10월,"13,500"
209,이중 작가 초롱,이미상,문학동네,2022년 11월,"13,950"
210,재능의 불시착,박소연,알에이치코리아(RHK),2021년 10월,"13,320"
211,곰탕 2,김영탁,arte(아르테),2018년 03월,"15,300"
212,가시고기 우리 아빠,조창인,산지,2022년 02월,"15,300"
213,삼성동 하우스,김경래,농담과진담,2022년 12월,"13,500"
214,"진이, 지니",정유정,은행나무,2019년 05월,"12,600"
215,봄봄/미스터 방 외,전도현,서연비람,2018년 07월,"10,800"
216,내가 말하고 있잖아,정용준,민음사,2020년 06월,"12,600"
217,삼개주막 기담회,오윤희,고즈넉이엔티,2021년 05월,"13,500"
218,급류,정대건,민음사,2022년 12월,"12,600"
219,격리된 아이,김소연,우리학교,2020년 07월,"11,700"
220,우리의 밤이 시작되는 곳,고요한,나무옆의자,2022년 05월,"11,700"
221,당신들의 천국,이청준,문학과지성사,2012년 09월,"11,700"
222,너무 한낮의 연애,김금희,문학동네,2016년 05월,"12,600"
223,"그믐, 또는 당신이 세계를 기억하는 방식",장강명,문학동네,2015년 08월,"9,000"
224,가장 나쁜 일 ,김보현,민음사,2022년 07월,"13,500"
225,마르타의 일,박서련,한겨레출판,2019년 09월,"12,600"
226,빛을 걷으면 빛,성해나,문학동네,2022년 05월,"13,500"
227,아홉 켤레의 구두로 남은 사내,윤흥길,문학과지성사,2001년 02월,"11,700"
228,산 자들,장강명,민음사,2019년 06월,"12,600"
229,죽은 왕녀를 위한 파반느,박민규,예담,2009년 07월,"11,520"
230,이 와중에 스무 살,최지연,창비교육,2022년 10월,"12,600"
231,장마,윤흥길,민음사,2005년 10월,"9,900"
232,오직 두 사람,김영하,복복서가,2022년 07월,"11,700"
233,비상문,최진영,미메시스,2018년 09월,"7,020"
234,양심 고백,김동식,요다,2018년 04월,"11,700"
235,여자들의 왕,정보라,아작,2022년 07월,"15,120"
236,계속해보겠습니다,황정은,창비,2014년 10월,"12,150"
237,기억하는 소설,강영숙,창비교육,2021년 05월,"14,400"
238,제 꿈 꾸세요,김멜라,문학동네,2022년 08월,"13,050"
239,흑산 黑山,김훈,학고재,2011년 10월,"12,420"
240,이만큼 가까이,정세랑,창비,2021년 08월,"12,600"
241,물 만난 물고기,이찬혁,수카,2019년 09월,"13,500"
242,죽이고 싶은 아이,이꽃님,우리학교,2021년 10월,"12,600"
243,가시고백,김려령,비룡소,2012년 02월,"11,700"
244,황만근은 이렇게 말했다,성석제,창비,2002년 06월,"12,600"
245,룬의 아이들 - 블러디드 4,전민희,엘릭시르,2021년 04월,"13,050"
246,"가장 질긴 족쇄, 가장 지긋지긋한 족속, 가족",류현재,자음과모음,2022년 05월,"12,420"
247,더 셜리 클럽,박서련,민음사,2020년 08월,"11,700"
248,우리들의 일그러진 영웅,이문열,알에이치코리아(RHK),2020년 07월,"13,500"
249,투명인간,성석제,창비,2014년 06월,"12,600"
250,아주 오래된 농담,박완서,실천문학사,2011년 01월,"9,900"
251,아무도 모를 것이다,정보라,퍼플레인(갈매나무),2023년 01월,"15,300"
252,이국에서,이승우,은행나무,2022년 09월,"14,400"
253,고구려 6,김진명,이타북스,2021년 06월,"14,220"
254,언러키 스타트업 ,정지음,민음사,2022년 10월,"13,500"
255,봄봄 : 김유정 단편집,김유정,다림,2002년 01월,"8,100"
256,사라진 숲의 아이들,손보미,안온북스,2022년 07월,"16,200"
257,"달려라, 아비",김애란,창비,2019년 09월,"12,600"
258,궤변 말하기 대회,김동식,요다,2022년 07월,"11,700"
259,이제야 언니에게,최진영,창비,2019년 09월,"14,400"
260,무림세가 천대받는 손녀 딸이 되었다 세트,마루별,연담,2023년 03월,"63,000"
261,스노볼 2,박소영,창비,2021년 12월,"13,500"
262,일의 기쁨과 슬픔,장류진,창비,2019년 10월,"12,600"
263,토지 2,박경리,마로니에북스,2012년 08월,"12,150"
264,한국이 싫어서,장강명,민음사,2015년 05월,"11,700"
265,관촌수필,이문구,문학과지성사,2018년 09월,"13,500"
266,타인의 집,손원평,창비,2021년 06월,"12,600"
267,나목·도둑맞은 가난,박완서,민음사,2005년 10월,"9,900"
268,눈으로 만든 사람,최은미,문학동네,2021년 06월,"13,320"
269,직지 2,김진명,쌤앤파커스,2019년 08월,"12,600"
270,몽실 언니,권정생,창비,2012년 04월,"13,500"
271,까칠한 재석이 1~6권 세트,고정욱,애플북스,2020년 03월,"48,420"
272,희망,양귀자,쓰다,2020년 06월,"17,820"
273,스노볼 1,박소영,창비,2021년 12월,"13,500"
274,수난이대,하근찬,사피엔스21,2012년 07월,"7,200"
275,희랍어 시간,한강,문학동네,2011년 11월,"11,700"
276,현의 노래,김훈,문학동네,2012년 01월,"11,700"
277,직지 1,김진명,쌤앤파커스,2019년 08월,"12,600"
278,문어,김동식,요다,2021년 03월,"11,700"
279,경애의 마음,김금희,창비,2018년 06월,"14,400"
280,퇴마록 국내편 1,이우혁,엘릭시르,2011년 09월,"15,300"
281,여기는 Q대학교 입학처입니다,권제훈,&(앤드),2022년 09월,"12,150"
282,사랑의  생애,이승우,위즈덤하우스,2017년 03월,"12,150"
283,내 심장을 쏴라,정유정,은행나무,2009년 04월,"10,800"
284,빛의 제국,김영하,복복서가,2022년 05월,"10,800"
285,삼개주막 기담회 2,오윤희,고즈넉이엔티,2022년 01월,"13,500"
286,살인자의 정석,김동식,요다,2019년 03월,"11,700"
287,마고,한정현,현대문학,2022년 06월,"11,700"
288,소설 보다 : 겨울 2021,김멜라,문학과지성사,2021년 12월,"3,150"
289,토지 1-20권 세트,박경리,마로니에북스,2012년 08월,"243,000"
290,일주일,최진영,자음과모음,2021년 09월,"10,800"
291,미스 함무라비,문유석,문학동네,2016년 12월,"12,150"
292,복자에게,김금희,문학동네,2020년 09월,"12,600"
293,국립존엄보장센터,남유하,서해문집,2022년 05월,"11,250"
294,무궁화꽃이 피었습니다 1,김진명,새움,2020년 07월,"13,500"
295,새의 선물,은희경,문학동네,2014년 01월,"14,850"
296,살인자의 쇼핑목록,강지영,네오픽션,2022년 05월,"12,600"
297,나를 마릴린 먼로라고 하자,한정현,문학과지성사,2022년 02월,"12,600"
298,딜리터,김중혁,자이언트북스,2022년 08월,"14,310"
299,스마일,김중혁,문학과지성사,2022년 04월,"12,600"
300,검은 꽃,김영하,문학동네,2020년 10월,"13,500"
301,어둠이 걷힌 자리엔,홍우림,흐름출판,2022년 02월,"14,220"
302,삼미 슈퍼스타즈의 마지막 팬클럽,박민규,한겨레출판,2020년 12월,"12,420"
303,잠옷을 입으렴,이도우,위즈덤하우스,2020년 02월,"13,500"
304,그 여자네 집,박완서,문학동네,2006년 08월,"12,600"
305,오직 두 사람,김영하,문학동네,2017년 05월,"11,700"
306,기억을 넘어 너에게 갈게,양은애,토마토출판사,2023년 01월,"11,700"
307,얼마나 닮았는가,김보영,아작,2020년 10월,"13,320"
308,딸에 대하여,김혜진,민음사,2017년 09월,"11,700"
309,인간의 법정,조광희,솔,2021년 04월,"12,600"
310,개,김훈,푸른숲,2021년 04월,"13,500"
311,조선 정신과 의사 유세풍 (하),이은소,새움,2022년 08월,"13,500"
312,연년세세 年年歲歲,황정은,창비,2020년 09월,"13,050"
313,예수님의 폭소,최원영,좋은땅,2022년 12월,"13,500"
314,그때 그 마음,정소현,현대문학,2021년 12월,"13,500"
315,룬의 아이들 - 블러디드 3,전민희,엘릭시르,2020년 09월,"13,050"
316,카스테라,박민규,문학동네,2005년 06월,"12,600"
317,마음의 부력,이승우,문학사상,2021년 01월,"13,950"
318,안녕 주정뱅이,권여선,창비,2016년 05월,"12,150"
319,플라멩코 추는 남자,허태연,다산책방,2021년 09월,"12,600"
320,조선 정신과 의사 유세풍 (상),이은소,새움,2022년 08월,"13,500"
321,배니시드 ,김도윤,팩토리나인,2023년 02월,"14,220"
322,오로라 상회의 집사들,이경란,은행나무,2022년 04월,"12,600"
323,슈뢰딩거의 고양이,이정은,나남,2022년 08월,"13,320"
324,광장 / 구운몽,최인훈,문학과지성사,2008년 11월,"9,900"
325,혼불 1,최명희,매안출판사,2009년 07월,"10,450"
326,일주일 만에 사랑할 순 없다,김동식,요다,2020년 03월,"11,700"
327,완벽한 생애,조해진,창비,2021년 09월,"12,600"
328,카지노,김진명,새움,2022년 12월,"14,850"
329,당신 엄마가 당신보다 잘하는 게임,박서련,민음사,2022년 01월,"11,700"
330,"정말 미안하지만, 나는 아무렇지도 않았다",김동식,요다,2018년 04월,"11,700"
331,초월하는 세계의 사랑,우다영,허블,2022년 04월,"11,700"
332,일 퍼센트,김태호,사계절,2021년 07월,"8,100"
333,선릉 산책,정용준,문학동네,2021년 10월,"12,600"
334,퇴마록 국내편 2,이우혁,엘릭시르,2011년 09월,"15,300"
335,보건교사 안은영,정세랑,민음사,2015년 12월,"11,700"
336,마지막 사도 1,장용민,재담북스,2023년 01월,"14,400"
337,광개토태왕 담덕 3,엄광용,새움,2022년 09월,"14,400"
338,빛의 호위,조해진,창비,2017년 02월,"12,600"
339,전지적 독자 시점 양장본 세트 1,싱숑,비채,2022년 09월,"106,650"
340,다이브,단요,창비,2022년 05월,"12,600"
341,"안녕, 인공존재!",배명훈,북하우스,2020년 07월,"11,700"
342,우리의 계절,이상택,델피노,2022년 10월,"13,500"
343,표백,장강명,한겨레출판,2020년 09월,"12,420"
344,무궁화꽃이 피었습니다 2,김진명,새움,2020년 07월,"13,500"
345,겨울방학,최진영,민음사,2019년 10월,"11,700"
346,삼개주막 기담회 3,오윤희,고즈넉이엔티,2022년 06월,"13,500"
347,삼대,염상섭,문학과지성사,2004년 12월,"10,800"
348,다윈 영의 악의 기원,박지리,사계절,2016년 09월,"18,000"
349,조선의 등 굽은 정원사,천영미,고즈넉이엔티,2021년 07월,"13,500"
350,고양이달 세트 (일러스트 특별판),박영주,아띠봄,2021년 03월,"89,100"
351,아무도 나에게 생활비를 주지 않는다,이종은,캘리포니아미디어,2022년 08월,"16,650"
352,붕대 감기,윤이형,작가정신,2020년 01월,"10,800"
353,당신 옆을 스쳐간 그 소녀의 이름은,최진영,한겨레출판,2022년 01월,"12,420"
354,막 너머에 신이 있다면,김준녕,허블,2022년 08월,"14,400"
355,모두가 회전목마를 탄다,이묵돌,마이디어북스,2022년 11월,"16,650"
356,김영하 소설 결정판 박스 세트 1차분,김영하,복복서가,2020년 09월,"54,000"
357,잠 못 드는 밤의 궁궐 기담 ,현찬양,엘릭시르,2022년 09월,"14,400"
358,최은영 소설 2022 한정 여름 에디션,최은영,문학동네,2022년 07월,"31,500"
359,GV 빌런 고태경,정대건,은행나무,2020년 04월,"12,150"
360,태평천하,채만식,문학과지성사,2005년 01월,"8,100"
361,태백산맥 세트,조정래,해냄,2020년 10월,"157,500"
362,그 많던 싱아는 누가 다 먹었을까,박완서,세계사,2012년 01월,"11,700"
363,너의 바다가 되어,고상만,크루,2021년 10월,"13,320"
364,덕혜옹주,권비영,다산책방,2015년 10월,"12,420"
365,레이디 맥도날드,한은형,문학동네,2022년 03월,"13,050"
366,고구려 1부 : 땅을 다지다 세트,김진명,이타북스,2021년 06월,"89,100"
367,마지막 사도 2,장용민,재담북스,2023년 01월,"14,400"
368,한국단편문학선 2,김동인,민음사,1999년 03월,"9,900"
369,상아의 문으로,구병모,문학과지성사,2021년 11월,"12,600"
370,러브 몬스터,이두온,창비,2023년 02월,"14,400"
371,타워,배명훈,문학과지성사,2020년 02월,"13,500"
372,마당 깊은 집,김원일,문학과지성사,2018년 09월,"12,600"
373,룬의 아이들 - 데모닉 완전판 세트,전민희,엘릭시르,2020년 06월,"117,900"
374,검푸른 고래 요나 ,김명주,다산책방,2022년 10월,"14,400"
375,두 번째 엔딩,김려령,창비,2021년 02월,"11,700"
376,디디의 우산,황정은,창비,2019년 01월,"12,600"
377,밤에 찾아오는 구원자,천선란,안전가옥,2021년 06월,"11,700"
378,룬의 아이들 - 블러디드 2,전민희,엘릭시르,2019년 09월,"13,050"
379,백 오피스,최유안,민음사,2022년 01월,"12,600"
380,눈길,이청준,사피엔스21,2012년 02월,"7,200"
381,덧니가 보고 싶어,정세랑,난다,2019년 11월,"11,700"
382,오빠가 돌아왔다,김영하,복복서가,2020년 09월,"9,000"
383,카지노,김진명,새움,2010년 07월,"12,420"
384,토지 3,박경리,마로니에북스,2012년 08월,"12,150"
385,우주섬 사비의 기묘한 탄도학,배명훈,자이언트북스,2022년 05월,"13,320"
386,그 남자네 집,박완서,현대문학,2021년 01월,"11,700"
387,광개토태왕 담덕 4,엄광용,새움,2022년 12월,"14,400"
388,좀비즈 어웨이,배예람,안전가옥,2022년 03월,"9,000"
389,강산무진,김훈,문학동네,2006년 04월,"12,600"
390,베니스의 개성상인 1,오세영,문예춘추사,2023년 01월,"15,120"
391,빵 좋아하는 악당들의 행성,곽재식,비채,2022년 03월,"13,320"
392,고양이달 1 (일러스트 특별판),박영주,아띠봄,2021년 03월,"29,700"
393,세상에서 가장 아름다운 이별,노희경,북로그컴퍼니,2015년 05월,"11,520"
394,춘향전,백범영,민음사,2004년 04월,"10,800"
395,철도원 삼대,황석영,창비,2020년 06월,"18,000"
396,룬의 아이들 - 블러디드 1,전민희,엘릭시르,2018년 11월,"13,050"
397,별뜨기에 관하여,이영도,황금가지,2020년 10월,"12,420"
398,바이러스 X,김진명,이타북스,2020년 11월,"14,220"
399,엘리베이터에 낀 그 남자는 어떻게 되었나,김영하,복복서가,2020년 07월,"9,000"
400,마당을 나온 암탉 20주년 특별판,황선미,사계절,2020년 04월,"13,500"
401,한산,김동하,고즈넉이엔티,2022년 07월,"14,400"
402,죽은 자의 꿈,정보라,새파란상상 (파란미디어),2022년 05월,"13,050"
403,기억 서점,정명섭,시공사,2021년 10월,"12,420"
404,파우스터,김호연,위즈덤하우스,2019년 04월,"15,120"
405,"여름, 어디선가 시체가",박연선,놀,2016년 07월,"12,420"
406,고스트라이터즈,김호연,위즈덤하우스,2017년 04월,"12,150"
407,돌보는 마음,김유담,민음사,2022년 03월,"11,700"
408,몸과 여자들,이서수,현대문학,2022년 12월,"11,700"
409,수면 아래,이주란,문학동네,2022년 08월,"12,150"
410,유괴의 날,정해연,시공사,2019년 07월,"12,870"
411,어룡이 놀던 자리,김도일,득수,2023년 01월,"13,500"
412,댓글부대,장강명,은행나무,2015년 11월,"10,800"
413,젊은 느티나무,강신재,문학과지성사,2007년 07월,"9,450"
414,사람의 아들,이문열,알에이치코리아(RHK),2020년 04월,"14,400"
415,서울 1964년 겨울,김승옥,문학과지성사,2019년 09월,"13,500"
416,영도에서 제다까지,이상윤,석영(石永),2022년 03월,"11,700"
417,무례한 상속,김선영,다림,2021년 06월,"10,800"
418,베니스의 개성상인 2,오세영,문예춘추사,2023년 02월,"15,120"
419,일곱 해의 마지막,김연수,문학동네,2020년 07월,"12,150"
420,생의 이면,이승우,문이당,2013년 01월,"11,700"
421,2023 신춘문예당선 소설집,한국소설가협회,한국소설가협회,2023년 01월,"17,100"
422,기괴한 레스토랑 3,김민정,팩토리나인,2022년 02월,"12,150"
423,아무것도 아니라고 잘라 말하기,임솔아,문학과지성사,2021년 12월,"12,600"
424,아무도 아닌,황정은,문학동네,2016년 11월,"10,800"
425,토지 4,박경리,마로니에북스,2012년 08월,"12,150"
426,"그 겨울, 손탁 호텔에서",듀나,퍼플레인(갈매나무),2022년 08월,"13,500"
427,천년의 질문 1,조정래,해냄,2019년 06월,"14,850"
428,동백꽃,김유정,문학과지성사,2005년 04월,"11,700"
429,굿바이 R,전경린,문학동네,2022년 07월,"13,050"
430,무진기행,김승옥,문학동네,2004년 10월,"11,700"
431,천년의 질문 3,조정래,해냄,2019년 06월,"14,850"
432,기괴한 레스토랑 2,김민정,팩토리나인,2021년 11월,"12,150"
433,사랑이 한 일,이승우,문학동네,2020년 11월,"12,600"
434,그림자 황후 세트,손정미,이정서재,2022년 10월,"27,000"
435,우리들의 행복한 시간 ,공지영,해냄,2016년 08월,"15,120"
436,혼불 2,최명희,매안출판사,2009년 07월,"10,450"
437,하버드 22학번,구하비,다산책방,2022년 09월,"14,400"
438,노랑무늬영원,한강,문학과지성사,2018년 11월,"12,600"
439,빛의 과거,은희경,문학과지성사,2019년 08월,"12,600"
440,레몬,권여선,창비,2019년 04월,"14,400"
441,나로 만든 집,박영란,우리학교,2021년 12월,"11,700"
442,고구려 1,김진명,이타북스,2021년 06월,"14,220"
443,설계자들,김언수,문학동네,2019년 01월,"13,050"
444,천변풍경,박태원,문학과지성사,2005년 01월,"9,900"
445,난장이가 쏘아올린 작은 공,송기숙,가람기획,2020년 10월,"14,220"
446,…스크롤!,정지돈,민음사,2022년 05월,"12,600"
447,우리가 다시 만날 세계,황모과,문학과지성사,2022년 02월,"12,600"
448,가해자들,정소현,현대문학,2020년 10월,"11,700"
449,"영원의 사자들 1,2 세트",정은궐,파란 (파란미디어),2020년 09월,"27,000"
450,대불호텔의 유령,강화길,문학동네,2021년 08월,"12,600"
451,김동식 소설집 박스 세트,김동식,요다,2021년 03월,"117,000"
452,천년의 질문 2,조정래,해냄,2019년 06월,"14,850"
453,까칠한 재석이가 돌아왔다,고정욱,애플북스,2021년 12월,"10,800"
454,팬데믹,김초엽,문학과지성사,2020년 09월,"11,700"
455,메밀꽃 필 무렵,이효석,문학과지성사,2007년 11월,"9,900"
456,기나긴 하루,박완서,문학동네,2012년 01월,"10,800"
457,곁에 있다는 것,김중미,창비,2021년 03월,"12,600"
458,우리는 천천히 오래오래,백신애,작가정신,2022년 12월,"13,500"
459,길 없는 길 1,최인호,여백출판사,2021년 04월,"12,600"
460,평양에서 걸려온 전화,고호,델피노,2019년 11월,"12,600"
461,삼포 가는 길,황석영,문학동네,2020년 05월,"14,400"
462,침이 고인다,김애란,문학과지성사,2007년 09월,"13,500"
463,나는 절대 저렇게 추하게 늙지 말아야지,심너울,아작,2020년 06월,"13,320"
464,퇴마록 세계편 1,이우혁,엘릭시르,2011년 12월,"15,300"
465,나의 아름다운 날들,정지아,은행나무,2023년 02월,"14,400"
466,꺼삐딴 리,전광용,사피엔스21,2014년 05월,"6,750"
467,2020 제11회 젊은작가상 수상작품집,강화길,문학동네,2020년 08월,"11,700"
468,위저드 베이커리,구병모,창비,2009년 03월,"11,520"
469,이토록 아름다운 세상에서 ,고호관,현대문학,2022년 10월,"14,400"
470,욕조가 놓인 방,이승우,작가정신,2021년 10월,"11,700"
471,날짜 없음,장은진,민음사,2016년 11월,"12,600"
472,귀신나방,장용민,엘릭시르,2018년 09월,"13,050"
473,사평역,임철우,사피엔스21,2012년 07월,"7,650"
474,소설 보다 : 여름 2021,서이제,문학과지성사,2021년 06월,"3,150"
475,이효석문학상 수상작품집 2022,김멜라,생각정거장,2022년 09월,"13,500"
476,무정,이광수,민음사,2010년 07월,"9,000"
477,복수여신 ,임지은,북폴리오,2022년 08월,"10,800"
478,"오, 사랑",조우리,사계절,2020년 08월,"10,800"
479,마당이 있는 집,김진영,엘릭시르,2018년 04월,"12,420"
480,기괴한 레스토랑 1,김민정,팩토리나인,2021년 09월,"12,600"
481,우리의 환대,장희원,문학과지성사,2022년 12월,"12,600"
482,너를 닮은 사람,정소현,문학과지성사,2021년 10월,"12,600"
483,"친애하고, 친애하는",백수린,현대문학,2019년 02월,"10,080"
484,행운이 너에게 다가오는 중,이꽃님,문학동네,2020년 11월,"11,700"
485,속도의 안내자,이정연,광화문글방,2022년 12월,"11,700"
486,우리가 푸른 물에 가까이 가면 (워터프루프북),김기창,민음사,2022년 07월,"13,500"
487,화이트 호스,강화길,문학동네,2020년 06월,"12,150"
488,"하나의 인간, 인류의 하나",김동식,요다,2019년 03월,"11,700"
489,청부살인 협동조합 ,김동식,요다,2022년 11월,"12,600"
490,고래,천명관,문학동네,2014년 01월,"14,850"
491,까칠한 재석이가 달라졌다,고정욱,애플북스,2022년 04월,"11,250"
492,위치스 딜리버리,전삼혜,안전가옥,2020년 08월,"9,000"
493,풀꽃도 꽃이다 1,조정래,해냄,2016년 07월,"14,850"
494,태평천하,채만식,민음사,2022년 08월,"12,600"
495,꿈에서 만나,조우리,사계절,2021년 07월,"8,100"
496,풀이 눕는다,김사과,문학동네,2017년 08월,"11,700"
497,"소년, 소녀를 만나다 ",황순원문학촌 소나기마을,문학과지성사,2016년 05월,"10,800"
498,퇴마록 세계편 2,이우혁,엘릭시르,2011년 12월,"14,220"
499,혼불 3,최명희,매안출판사,2009년 07월,"10,450"
500,하얀 늑대들 11,윤현승,제우미디어,2020년 02월,"15,120"
501,소설가 구보씨의 일일,박태원,문학과지성사,2005년 04월,"9,900"
502,마지막 춤은 나와 함께,은희경,문학동네,1998년 11월,"11,700"
503,바늘과 가죽의 시,구병모,현대문학,2021년 04월,"11,700"
504,혹시 MBTI가 어떻게 되세요?,정대건,읻다,2022년 12월,"13,500"
505,상도 1,최인호,여백출판사,2020년 11월,"12,600"
506,환상통,이희주,문학동네,2016년 08월,"9,000"
507,식물들의 사생활,이승우,문학동네,2014년 01월,"11,700"
508,영원한 유산,심윤경,문학동네,2021년 01월,"13,050"
509,2021 김승옥문학상 수상작품집,문진영,문학동네,2021년 10월,"9,000"
510,가정 사정,조경란,문학동네,2022년 07월,"13,500"
511,"도시, 청년, 호러",이시우,안전가옥,2022년 05월,"11,700"
512,예술과 중력가속도 ,배명훈,북하우스,2016년 11월,"12,600"
513,퇴마록 세계편 3,이우혁,엘릭시르,2011년 12월,"14,220"
514,네가 있어서 괜찮아,임하운,시공사,2021년 11월,"13,050"
515,하얀 늑대들 10,윤현승,제우미디어,2020년 02월,"15,120"
516,하얀 늑대들 9,윤현승,제우미디어,2019년 07월,"15,120"
517,우상의 눈물,전상국,민음사,2005년 10월,"9,900"
518,하얀 늑대들 8,윤현승,제우미디어,2019년 07월,"15,120"
519,병신과 머저리,이청준,문학과지성사,2010년 07월,"9,900"
520,가족이란 이름을 한 꺼풀 벗겨 내면 (워터프루프북),최진영,민음사,2022년 07월,"13,500"
521,왓섭! 공포라디오,왓섭!,북오션,2022년 07월,"14,400"
522,로기완을 만났다,조해진,창비,2011년 04월,"11,700"
523,햇빛 마중,문진영,마음산책,2022년 11월,"13,500"
524,사우디 집사,배영준,델피노,2022년 07월,"13,500"
525,피구왕 서영,황유미,빌리버튼,2019년 01월,"10,800"
526,김유정 소설집,김유정,피치마켓,2018년 08월,"13,500"
527,중증외상센터 : 골든 아워 11~15 세트,이낙준(한산이가),몬스터,2022년 08월,"67,500"
528,나는 유령작가입니다,김연수,문학동네,2016년 04월,"11,700"
529,완장,윤흥길,현대문학,2011년 04월,"10,800"
530,리시안셔스,연여름,황금가지,2022년 03월,"12,420"
531,고구려 5,김진명,이타북스,2021년 06월,"14,220"
532,악착같은 장미들,이우연,arte(아르테),2022년 04월,"17,820"
533,성공한 인생,김동식,요다,2018년 11월,"10,800"
534,성균관 유생들의 나날 1,정은궐,파란 (파란미디어),2009년 07월,"9,900"
535,무진기행,김승옥,더클래식,2021년 03월,"12,420"
536,초록 대리석,진혜원,한길사,2022년 09월,"14,400"
537,디 아이돌,서귤,위즈덤하우스,2022년 06월,"13,320"
538,#생태_소설,이혜원,문학과지성사,2021년 12월,"12,600"
539,태백산맥 1,조정래,해냄,2020년 10월,"15,750"
540,"안녕하세요, 자영업자입니다",이인애,문학동네,2022년 06월,"13,500"
541,퇴마록 혼세편 2,이우혁,엘릭시르,2012년 04월,"15,300"
542,기다릴 때 우리가 하는 말들,김병운,민음사,2022년 09월,"12,600"
543,토지 9,박경리,마로니에북스,2012년 08월,"12,150"
544,부끄러움을 가르칩니다,박완서,문학동네,2006년 08월,"14,850"
545,관리자들,이혁진,민음사,2021년 09월,"12,600"
546,우아한 거짓말,김려령,창비,2014년 02월,"12,420"
547,예수의 할아버지,최원영,좋은땅,2020년 08월,"18,000"
548,복수 법률 사무소 세트,도진기,황금가지,2022년 12월,"35,100"
549,녹즙 배달원 강정민,김현진,한겨레출판,2021년 04월,"12,600"
550,길 없는 길 2,최인호,여백출판사,2021년 04월,"12,600"
551,토지 5,박경리,마로니에북스,2012년 08월,"12,150"
552,청년의사 장기려,손홍규,다산책방,2012년 05월,"11,700"
553,제2회 한국과학문학상 수상작품집,김초엽,허블,2018년 03월,"10,800"
554,파씨의 입문,황정은,창비,2012년 01월,"11,700"
555,되겠다는 마음,오성은,은행나무,2022년 11월,"12,600"
556,고구려 2,김진명,이타북스,2021년 06월,"14,220"
557,유년의 뜰,오정희,문학과지성사,2017년 09월,"11,700"
558,토지 10,박경리,마로니에북스,2012년 08월,"12,150"
559,기이현상청 사건일지,이산화,안전가옥,2022년 04월,"11,700"
560,까칠한 재석이가 사라졌다,고정욱,애플북스,2014년 12월,"7,650"
561,혼불 6,최명희,매안출판사,2009년 07월,"10,450"
562,웬만해선 아무렇지 않다,이기호,마음산책,2016년 02월,"11,250"
563,토지 11,박경리,마로니에북스,2012년 08월,"12,150"
564,놀이터는 24시,김초엽,자이언트북스,2021년 06월,"12,600"
565,"로지나 노, 지나",이란주,우리학교,2020년 11월,"12,600"
566,중증외상센터 : 골든 아워 1~5 세트,이낙준(한산이가),몬스터,2020년 08월,"67,500"
567,[예스리커버] 달콤한 나의 도시,정이현,문학과지성사,2006년 07월,"10,800"
568,인류애가 제로가 되었다,오누이,스토리존,2022년 06월,"12,150"
569,토지 12,박경리,마로니에북스,2012년 08월,"12,150"
570,성균관 유생들의 나날 2,정은궐,파란 (파란미디어),2009년 07월,"9,900"
571,상도 2,최인호,여백출판사,2020년 11월,"12,600"
572,외딴방,신경숙,문학동네,2014년 01월,"13,950"
573,오피스 누나 이야기,팔메이로,에이템포미디어,2021년 10월,"13,050"
574,나는 그것에 대해 아주 오랫동안 생각해,김금희,마음산책,2018년 10월,"12,150"
575,기억술사,임다미,팩토리나인,2022년 02월,"12,600"
576,"빨간 모자, 여행을 떠나 시체를 만났습니다",아오야기 아이토,한스미디어,2021년 11월,"14,220"
577,길 없는 길 3,최인호,여백출판사,2021년 04월,"12,600"
578,원더보이,김연수,문학동네,2012년 02월,"13,050"
579,누운 배,이혁진,한겨레출판,2021년 08월,"12,420"
580,술과 바닐라,정한아,문학동네,2021년 05월,"12,150"
581,조선 정신과 의사 유세풍,이은소,새움,2018년 07월,"12,420"
582,달 드링크 서점,서동원,문학수첩,2022년 12월,"12,600"
583,소설 무소유,정찬주,열림원,2022년 03월,"13,500"
584,소설 보다 : 가을 2021,구소현,문학과지성사,2021년 09월,"3,150"
585,시하와 칸타의 장,이영도,현대문학,2020년 04월,"11,700"
586,토지 7,박경리,마로니에북스,2012년 08월,"12,150"
587,좋은 변호사 변설,김해수,신아출판사,2022년 09월,"14,250"
588,민트 돔 아래에서,송경화,한겨레출판,2022년 09월,"14,220"
589,네 번의 노크,케이시,인플루엔셜,2021년 10월,"12,420"
590,아멜리아와 네 개의 보석,배혜림 외 12인,몽실북스,2022년 12월,"13,500"
591,길 없는 길 4,최인호,여백출판사,2021년 04월,"12,600"
592,원미동 시인,양귀자,사피엔스21,2012년 02월,"7,200"
593,커튼콜은 사양할게요,김유담,창비,2022년 11월,"14,400"
594,국경시장,김성중,문학동네,2015년 02월,"10,800"
595,김유정 단편소설 10선,김유정,에세이(ESSAY),2014년 06월,"10,800"
596,젊은 날의 초상,이문열,알에이치코리아(RHK),2020년 06월,"13,500"
597,인생 우화,류시화,연금술사,2018년 07월,"14,400"
598,토지 13,박경리,마로니에북스,2012년 08월,"12,150"
599,상록수,심훈,문학과지성사,2005년 06월,"9,450"
600,막다른 세계,안수혜,생각정거장,2022년 07월,"13,050"
601,누구에게나 친절한 교회 오빠 강민호,이기호,문학동네,2018년 05월,"12,150"
602,기억이 잠든 계절,진설라,델피노,2023년 01월,"13,500"
603,숲의 애가,서여로,황금가지,2023년 01월,"14,220"
604,토지 14,박경리,마로니에북스,2012년 08월,"12,150"
605,뒤틀린 집,전건우,안전가옥,2021년 11월,"11,700"
606,손 더 게스트,원보람,문학수첩,2020년 08월,"16,650"
607,토지 15,박경리,마로니에북스,2012년 08월,"12,150"
608,고령화 가족,천명관,문학동네,2010년 02월,"10,800"
609,상도 3,최인호,여백출판사,2020년 11월,"12,600"
610,한국이 싫어서 (워터프루프북),장강명,민음사,2018년 07월,"13,500"
611,늑대신부,권현숙,헤르몬하우스,2022년 07월,"13,500"
612,시골무사 이성계,서권,다산책방,2012년 03월,"11,700"
613,애널리스트,이재영,림투자자문,2022년 11월,"14,850"
614,2022 올해의 문제소설,한국현대소설학회,푸른사상,2022년 02월,"15,750"
615,푸르게 빛나는,김혜영,안전가옥,2022년 10월,"10,800"
616,근로하는 자세,이태승,은행나무,2022년 04월,"12,600"
617,"세련되게 해결해 드립니다, 백조 세탁소",이재인,안전가옥,2021년 08월,"11,700"
618,소설 보다 : 봄 2021,김멜라,문학과지성사,2021년 03월,"3,150"
619,그렇게 할 수밖에,최도담,네오픽션,2022년 12월,"12,600"
620,이어달리기,조우리,한겨레출판,2022년 02월,"12,600"
621,2022 신춘문예당선 소설집,한국소설가협회,한국소설가협회,2022년 01월,"17,100"
622,알려지지 않은 예술가의 눈물과 자이툰 파스타,박상영,문학동네,2018년 09월,"12,150"
623,젠가,정진영,은행나무,2020년 12월,"12,150"
624,아홉 켤레의 구두로 남은 사내,윤흥길,문학과지성사,2019년 09월,"13,500"
625,길모퉁이에서 만난 사람,양귀자,쓰다,2015년 02월,"10,800"
626,중증장애인과 그 부모의 삶에 관하여,김영임,리더북스,2022년 08월,"12,600"
627,자두,이주혜,창비,2020년 08월,"12,600"
628,퇴마록 혼세편 1,이우혁,엘릭시르,2012년 04월,"15,300"
629,예언,김진명,새움,2022년 12월,"14,850"
630,우리가 쓴 것,조남주,민음사,2021년 06월,"12,600"
631,잘 자요 엄마,서미애,엘릭시르,2018년 10월,"12,420"
632,개밥바라기별,황석영,문학동네,2014년 01월,"12,600"
633,토지 20,박경리,마로니에북스,2012년 08월,"12,150"
634,꺼삐딴 리,전광용,을유문화사,2009년 05월,"9,000"
635,우리에게 허락된 미래,조해진,마음산책,2022년 01월,"12,600"
636,고구려 3,김진명,이타북스,2021년 06월,"14,220"
637,우리는 이 별을 떠나기로 했어,천선란,허블,2021년 03월,"11,700"
638,푸른수염의 첫번째 아내,하성란,창비,2021년 02월,"12,600"
639,토지 8,박경리,마로니에북스,2012년 08월,"12,150"
640,봄봄,김유정,사피엔스21,2012년 02월,"6,300"
641,여름에 우리가 먹는 것,송지현,문학동네,2021년 11월,"12,600"
642,그래서 우리는 사랑을 하지,박서련,돌베개,2021년 03월,"11,700"
643,아리랑 세트,조정래,해냄,2020년 10월,"189,000"
644,도가니,공지영,창비,2017년 08월,"15,300"
645,우리는 페퍼로니에서 왔어,김금희,창비,2021년 05월,"12,600"
646,퓨처워커 1~4권 세트,이영도,황금가지,2011년 12월,"43,200"
647,만남의 거리,배종훈,아이러브북,2023년 01월,"14,400"
648,천국에서 온 탐정,이동원,스윙테일,2022년 12월,"14,220"
649,너를 찾아서,박산호,더라인북스,2022년 08월,"13,500"
650,모든 비밀에는 이름이 있다,서미애,엘릭시르,2021년 03월,"12,600"
651,중증외상센터 : 골든 아워 6~10 세트,이낙준(한산이가),몬스터,2021년 08월,"67,500"
652,궁극의 아이,장용민,엘릭시르,2013년 03월,"12,420"
653,토지 6,박경리,마로니에북스,2012년 08월,"12,150"
654,영매 소녀,박에스더,안전가옥,2022년 09월,"10,800"
655,토지 19,박경리,마로니에북스,2012년 08월,"12,150"
656,자전거 도둑,김소진,문학동네,2002년 07월,"10,800"
657,부서진 여름,이정명,은행나무,2021년 05월,"13,050"
658,혼불 9,최명희,매안출판사,2009년 07월,"10,450"
659,더블,정해연,해피북스투유,2023년 01월,"14,400"
660,"나혜석, 글 쓰는 여자의 탄생",나혜석,민음사,2018년 03월,"10,800"
661,퇴마록 혼세편 3,이우혁,엘릭시르,2012년 04월,"15,300"
662,혼불 4,최명희,매안출판사,2009년 07월,"10,450"
663,"안녕, 엄마",김하인,쌤앤파커스,2022년 04월,"14,400"
664,우리에게 다시 사랑이,천희란,문학동네,2022년 03월,"13,050"
665,고구려 4,김진명,이타북스,2021년 06월,"14,220"
666,원 테이블 식당,유니게,문학과지성사,2019년 09월,"9,900"
667,세월의 돌 1,전민희,제우미디어,2015년 07월,"9,000"
668,규장각 각신들의 나날 1,정은궐,파란 (파란미디어),2009년 07월,"9,900"
669,봄빛,정지아,창비,2008년 03월,"12,600"
670,줄리아나 도쿄,한정현,스위밍꿀,2019년 01월,"13,050"
671,오버 더 초이스+호라이즌 박스 세트,이영도,황금가지,2018년 06월,"23,400"
672,팔꿈치를 주세요,황정은,큐큐,2021년 09월,"11,700"
673,감정적,양세화,델피노,2022년 11월,"12,600"
674,도요새에 관한 명상,김원일,문학과지성사,2021년 03월,"13,500"
675,해를 품은 달 1,정은궐,파란 (파란미디어),2011년 10월,"11,700"
676,퇴마록 혼세편 4,이우혁,엘릭시르,2012년 04월,"15,300"
677,골목의 조,송섬,사계절,2022년 07월,"13,500"
678,철수 삼촌,김남윤,팩토리나인,2022년 07월,"12,600"
679,아직 멀었다는 말,권여선,문학동네,2020년 02월,"12,150"
680,혼불 10,최명희,매안출판사,2009년 07월,"10,450"
681,이문열 초한지 세트,이문열,알에이치코리아(RHK),2020년 11월,"133,200"
682,내 소설에 피를 뿌려라,김해수,신아출판사,2022년 06월,"14,250"
683,한 명,김숨,현대문학,2016년 08월,"11,700"
684,규장각 각신들의 나날 2,정은궐,파란 (파란미디어),2009년 07월,"9,900"
685,불펜의 시간,김유원,한겨레출판,2021년 07월,"12,420"
686,천년의 사랑,양귀자,쓰다,2013년 04월,"13,500"
687,시소 첫번째,김리윤,자음과모음,2022년 01월,"12,420"
688,몫,최은영,미메시스,2018년 09월,"7,020"
689,해를 품은 달 2,정은궐,파란 (파란미디어),2011년 10월,"11,700"
690,2의 세계,고요한,&(앤드),2022년 04월,"13,500"
691,바리데기,황석영,창비,2007년 07월,"11,700"
692,아오이가든,편혜영,문학과지성사,2005년 07월,"11,700"
693,세월의 돌 4,전민희,제우미디어,2015년 07월,"9,000"
694,벌레 이야기,이청준,문학과지성사,2013년 11월,"12,600"
695,아주 오래된 농담,박완서,세계사,2012년 01월,"11,700"
696,니니코라치우푼타,구병모,강,2022년 11월,"12,600"
697,우리가 다른 귀신을 불러오나니,김이삭,한겨레출판,2022년 07월,"13,500"
698,세월의 돌 2,전민희,제우미디어,2015년 07월,"9,000"
699,퇴마록 외전 : 그들이 살아가는 법,이우혁,엘릭시르,2013년 06월,"12,420"
700,트로츠키와 야생란,이장욱,창비,2022년 05월,"13,500"
701,세월의 돌 5,전민희,제우미디어,2015년 07월,"9,000"
702,세월의 돌 3,전민희,제우미디어,2015년 07월,"9,000"
703,토지 16,박경리,마로니에북스,2012년 08월,"12,150"
704,엉엉,김홍,민음사,2022년 11월,"12,600"
705,불신시대,박경리,문학과지성사,2021년 05월,"10,800"
706,누군가 이름을 부른다면,김보현,은행나무,2017년 12월,"12,600"
707,혼불 7,최명희,매안출판사,2009년 07월,"10,450"
708,당신의 별이 사라지던 밤,서미애,엘릭시르,2018년 02월,"12,420"
709,소나기,강경애,새움,2017년 04월,"13,500"
710,세월의 돌 8,전민희,제우미디어,2015년 07월,"9,000"
711,세월의 돌 6,전민희,제우미디어,2015년 07월,"9,000"
712,노란집,박완서,열림원,2013년 08월,"11,700"
713,혼불 8,최명희,매안출판사,2009년 07월,"10,450"
714,내가 좋아하는 사람이 나를 좋아하는,이필원,사계절,2021년 07월,"8,100"
715,불편한 편의점 (큰글자도서),김호연,나무옆의자,2022년 08월,"29,000"
716,정본 백석 소설 수필,백석,문학동네,2019년 10월,"13,500"
717,세월의 돌 7,전민희,제우미디어,2015년 07월,"9,000"
718,퇴마록 말세편 3,이우혁,엘릭시르,2012년 10월,"15,300"
719,세계의 끝 여자친구,김연수,문학동네,2009년 09월,"10,800"
720,흑룡전설 용지호,김봉래,문학동네,2014년 01월,"9,900"
721,퇴마록 말세편 4,이우혁,엘릭시르,2012년 10월,"15,300"
722,내 젊은 날의 숲,김훈,문학동네,2010년 11월,"10,800"
723,달 너머로 달리는 말 (리커버 에디션),김훈,파람북,2022년 11월,"12,600"
724,시체를 보는 사나이 1부 - 더 비기닝 1,공한K,팩토리나인,2022년 04월,"12,420"
725,언젠가 우리가 같은 별을 바라본다면,차인표,해결책,2021년 12월,"10,800"
726,혼불 5,최명희,매안출판사,2009년 07월,"10,450"
727,고향,이기영,문학과지성사,2005년 11월,"13,050"
728,토지 18,박경리,마로니에북스,2012년 08월,"12,150"
729,오발탄,이범선,문학과지성사,2007년 07월,"8,550"
730,깊은 슬픔,신경숙,문학동네,2006년 03월,"16,200"
731,한삼국지,임창석,아시아북스(AsiaBooks),2023년 01월,"14,850"
732,어쩌면 스무 번,편혜영,문학동네,2021년 03월,"12,150"
733,붉은 봄,원주희,마카롱,2022년 06월,"12,420"
734,인버스,단요,마카롱,2022년 12월,"13,500"
735,한강 세트,조정래,해냄,2020년 11월,"157,500"
736,공터에서,김훈,해냄,2017년 02월,"14,400"
737,퇴마록 말세편 5,이우혁,엘릭시르,2012년 10월,"15,300"
738,그들의 이해관계,임현,문학동네,2022년 02월,"12,600"
739,시장과 전장,박경리,마로니에북스,2013년 05월,"15,300"
740,만세전,염상섭,사피엔스21,2012년 07월,"7,650"
741,운수 좋은 날,현진건,문학과지성사,2008년 02월,"9,000"
742,소설 보다 : 여름 2020,강화길,문학과지성사,2020년 06월,"3,150"
743,퇴마록 말세편 1,이우혁,엘릭시르,2012년 10월,"15,300"
744,"바람이 분다, 가라",한강,문학과지성사,2010년 02월,"12,600"
745,드래곤 라자 1,이영도,황금가지,2008년 11월,"13,500"
746,단명소녀 투쟁기,현호정,사계절,2021년 07월,"10,800"
747,기후변화 시대의 사랑,김기창,민음사,2021년 04월,"12,600"
748,국화꽃 향기,김하인,팩토리나인,2022년 05월,"13,050"
749,마녀식당으로 오세요,구상희,다산책방,2021년 04월,"13,500"
750,네 이웃의 식탁,구병모,민음사,2018년 06월,"11,700"
751,크리스마스 캐럴,주원규,자음과모음,2016년 12월,"13,500"
752,퇴마록 외전 : 마음의 칼,이우혁,엘릭시르,2014년 09월,"14,400"
753,환한 숨,조해진,문학과지성사,2021년 03월,"12,600"
754,미중전쟁 2,김진명,쌤앤파커스,2017년 12월,"12,420"
755,찬란한 타인들,유이월,자유문방,2022년 10월,"10,800"
756,너의 유니버스,조규미,사계절,2021년 07월,"8,100"
757,내일의 연인들,정영수,문학동네,2020년 10월,"12,150"
758,까칠한 재석이가 열받았다,고정욱,애플북스,2014년 06월,"10,800"
759,사랑 후에 오는 것들,공지영,소담출판사,2005년 12월,"10,800"
760,우리의 정류장과 필사의 밤,김이설,작가정신,2020년 10월,"10,800"
761,퇴마록 말세편 2,이우혁,엘릭시르,2012년 10월,"15,300"
762,박제사의 사랑,이순원,시공사,2022년 11월,"13,320"
763,별을 스치는 바람,이정명,은행나무,2018년 03월,"13,500"
764,내 여자의 열매,한강,문학과지성사,2018년 11월,"12,600"
765,에세이스트의 책상,배수아,문학동네,2021년 06월,"11,250"
766,만다라,김성동,새움,2015년 02월,"11,700"
767,레디메이드 인생,채만식,문학과지성사,2004년 12월,"9,450"
768,태양의 그늘 3,박종휘,arte(아르테),2022년 12월,"14,400"
769,태양의 그늘 2,박종휘,arte(아르테),2022년 12월,"14,400"
770,태양의 그늘 1,박종휘,arte(아르테),2022년 12월,"14,400"
771,보헤미안 랩소디,정재민,나무옆의자,2021년 04월,"12,600"
772,홀 The Hole,편혜영,문학과지성사,2016년 03월,"11,700"
773,그 고양이의 이름은 길다,이주혜,창비,2022년 07월,"13,500"
774,감정을 할인가에 판매합니다,신조하,네오픽션,2022년 03월,"12,600"
775,글자전쟁 ,김진명,새움,2015년 08월,"12,780"
776,정글만리 2,조정래,해냄,2013년 07월,"14,850"
777,호텔 해운대,오선영,창비,2021년 12월,"12,600"
778,"한성부, 달 밝은 밤에",김이삭,고즈넉이엔티,2021년 03월,"13,500"
779,은하환담 ,곽재식,달다,2022년 03월,"13,500"
780,게르니카의 황소,한이리,은행나무,2021년 11월,"13,500"
781,유원,백온유,창비,2020년 06월,"11,700"
782,남자무리 여사친 ,정율리,북폴리오,2023년 01월,"11,700"
783,천년의 금서,김진명,새움,2009년 05월,"12,420"
784,박완서 단편소설 전집,박완서,문학동네,2013년 06월,"100,350"
785,봄바람,박상률,사계절,2002년 01월,"8,550"
786,테헤란로를 걷는 신라공주,이상훈,파람북,2021년 10월,"13,950"
787,미중전쟁 1,김진명,쌤앤파커스,2017년 12월,"12,420"
788,까칠한 재석이가 폭발했다,고정욱,애플북스,2017년 09월,"10,800"
789,국자전,정은우,문학동네,2022년 09월,"14,220"
790,은의 세계,위수정,문학동네,2022년 01월,"13,050"
791,달밤,이태준,사피엔스21,2012년 07월,"6,300"
792,0%를 향하여,서이제,문학과지성사,2021년 09월,"12,600"
793,언니밖에 없네,김지연,큐큐,2020년 09월,"11,700"
794,여수의 사랑,한강,문학과지성사,2018년 11월,"12,600"
795,서 있는 여자,박완서,세계사,2012년 01월,"15,300"
796,두모포왜관 수사록,배길남,함향,2023년 01월,"13,500"
797,제사를 부탁해,박서련,문학동네,2023년 02월,"9,000"
798,상냥한 폭력의 시대,정이현,문학과지성사,2016년 10월,"12,600"
799,토지 17,박경리,마로니에북스,2012년 08월,"12,150"
800,해시의 신루 세트,윤이수,해냄,2016년 10월,"71,100"
801,그해 겨울은 따뜻했네 2,박완서,세계사,2012년 01월,"13,500"
802,제2한강,권혁일,오렌지디,2023년 01월,"14,400"
803,김영하 소설 결정판 박스 세트 2차분,김영하,복복서가,2022년 09월,"65,700"
804,조선의 왈가닥 비바리,천영미,고즈넉이엔티,2022년 04월,"13,500"
805,아랑은 왜,김영하,복복서가,2020년 07월,"8,100"
806,"사월의 미, 칠월의 솔",김연수,문학동네,2013년 11월,"10,800"
807,믿음의 개는 시간을 저버리지 않으며,박솔뫼,스위밍꿀,2022년 10월,"10,800"
808,심장에 수놓은 이야기,구병모,arte(아르테),2020년 03월,"9,000"
809,검은 사슴,한강,문학동네,2017년 12월,"13,950"
810,정글만리 3,조정래,해냄,2013년 07월,"14,850"
811,난주,김소윤,은행나무,2018년 11월,"12,600"
812,아무도 기억하지 않았다,안재성,창비,2018년 03월,"13,050"
813,알바생 자르기,장강명,아시아,2015년 10월,"8,550"
814,천년의 금서,김진명,새움,2023년 01월,"13,950"
815,어느 날의 나,이주란,현대문학,2022년 08월,"11,700"
816,검사의 죄,윤재성,새움,2023년 01월,"14,850"
817,나보다 어렸던 엄마에게,정진영,무블출판사,2021년 07월,"12,600"
818,모든 것들의 세계 ,이유리,자음과모음,2022년 11월,"10,800"
819,청년 주부 구운몽,강선우,고즈넉이엔티,2023년 02월,"13,500"
820,남겨진 이름들,안윤,문학동네,2022년 11월,"12,600"
821,인간 연습,조정래,해냄,2021년 04월,"15,120"
822,천국에서,김사과,창비,2013년 09월,"14,400"
823,0125,케이시,플랜비,2022년 10월,"12,420"
824,나는 실수로 투명인간을 죽였다,경민선,팩토리나인,2022년 10월,"13,050"
825,침입자들,정혁용,다산책방,2020년 03월,"12,600"
826,배따라기,김동인,사피엔스21,2012년 02월,"6,300"
827,은교,박범신,문학동네,2010년 04월,"12,150"
828,선물이 있어,은모든,열린책들,2022년 12월,"13,320"
829,현남 오빠에게,조남주,다산책방,2017년 11월,"12,600"
830,대가 없는 일,김혜지,민음사,2021년 10월,"11,700"
831,움푹한,윤해서,시간의흐름,2022년 04월,"13,500"
832,짧고도 긴 여행,배지인,델피노,2022년 12월,"13,500"
833,빌런,최구실,안전가옥,2022년 08월,"11,700"
834,교보문고 스토리공모전 단편 수상작품집 2022,정욱,마카롱,2022년 03월,"10,620"
835,이문열 초한지 1,이문열,알에이치코리아(RHK),2020년 11월,"13,320"
836,무소의 뿔처럼 혼자서 가라,공지영,해냄,2016년 11월,"15,120"
837,그해 겨울은 따뜻했네 1,박완서,세계사,2012년 01월,"11,700"
838,세계의 호수,정용준,arte(아르테),2019년 10월,"9,000"
839,금주령 1,전형진,비욘드오리진,2022년 08월,"14,220"
840,넷이 있었다,이시우,황금가지,2022년 02월,"12,420"
841,달 너머로 달리는 말,김훈,파람북,2020년 06월,"12,600"
842,1인용 식탁,윤고은,문학과지성사,2010년 04월,"11,700"
843,먼 바다,공지영,해냄,2020년 02월,"14,220"
844,파시,박경리,마로니에북스,2013년 05월,"15,300"
845,중국인 거리,오정희,사피엔스21,2012년 02월,"6,300"
846,학교로 간 스파이,이은소,새움,2020년 08월,"12,420"
847,뿌리 깊은 나무 2,이정명,은행나무,2015년 09월,"10,800"
848,메밀꽃 필 무렵 : 이효석 단편집,이효석,다림,2002년 01월,"8,550"
849,지상에 숟가락 하나,현기영,창비,2018년 04월,"14,400"
850,정글만리 1,조정래,해냄,2013년 07월,"14,850"
851,치숙,채만식,사피엔스21,2012년 02월,"7,200"
852,독 짓는 늙은이,황순원,문학과지성사,2004년 12월,"9,450"
853,우리가 다리를 건널 때,문지혁,다산책방,2022년 04월,"12,600"
854,고의는 아니지만,구병모,민음사,2021년 12월,"12,600"
855,누가 봐도 연애소설,이기호,위즈덤하우스,2020년 07월,"12,420"
856,까칠한 재석이가 결심했다,고정욱,애플북스,2019년 03월,"11,520"
857,세 여자 2,조선희,한겨레출판,2017년 06월,"12,600"
858,한국추리문학상 황금펜상 수상작품집 2022 제16회,김세화,나비클럽,2022년 12월,"13,500"
859,9번의 일,김혜진,한겨레출판,2019년 10월,"12,600"
860,능소화,조두진,예담,2006년 09월,"8,100"
861,FIND ME,박성용,좋은땅,2023년 01월,"10,800"
862,아주 사적인 기담 전람회,이현구,북오션,2022년 12월,"14,400"
863,중금 2,임정원,비욘드오리진,2022년 10월,"13,320"
864,당신의 노후,박형서,현대문학,2018년 05월,"11,700"
865,토지 인물 사전,이상진,마로니에북스,2012년 08월,"6,300"
866,1929년 은일당 사건 기록,무경,부크크오리지널,2022년 03월,"15,300"
867,하란사,권비영,특별한서재,2021년 07월,"12,600"
868,별 별 사이,김동식,우리학교,2021년 04월,"11,700"
869,뿌리 깊은 나무 1,이정명,은행나무,2015년 09월,"10,800"
870,국화꽃향기,김하인,스토리3.0,2014년 12월,"11,700"
871,무정,이광수,문학과지성사,2005년 11월,"9,900"
872,덕다이브,이현석,창비,2022년 08월,"14,400"
873,너와 막걸리를 마신다면,설재인,밝은세상,2021년 08월,"13,500"
874,널 만나러 지구로 갈게,김성일,돌베개,2020년 11월,"10,800"
875,이데아,이유월,필프리미엄에디션,2020년 10월,"10,800"
876,"서울, 카타콤",이봄,위즈덤하우스,2023년 01월,"12,600"
877,도서관 런웨이,윤고은,현대문학,2021년 08월,"12,600"
878,순이삼촌,현기영,아시아,2012년 07월,"9,000"
879,어디선가 나를 찾는 전화벨이 울리고,신경숙,문학동네,2010년 05월,"13,050"
880,"그날, 그곳에서",이경희,안전가옥,2021년 01월,"11,700"
881,전래 미스터리,홍정기,몽실북스,2022년 06월,"12,600"
882,슈뢰딩거의 아이들,최의택,아작,2021년 07월,"13,320"
883,이상작품집,이상,자화상,2019년 12월,"5,310"
884,강,서정인,문학과지성사,1997년 07월,"12,600"
885,시체를 보는 사나이 1부 - 더 비기닝 2,공한K,팩토리나인,2022년 04월,"12,420"
886,대멸종,시아란,안전가옥,2019년 05월,"11,700"
887,현장검증,이종관,고즈넉이엔티,2019년 04월,"12,150"
888,키코게임즈 : 호모사피엔스의 취미와 광기,심민아,민음사,2022년 09월,"12,600"
889,우주의 일곱 조각,은모든,문학과지성사,2022년 05월,"12,600"
890,단 丹,김정빈,새움,2016년 08월,"11,700"
891,풀꽃도 꽃이다 2,조정래,해냄,2016년 07월,"14,850"
892,외딴방,신경숙,문학동네,2001년 06월,"13,050"
893,그것이 나만은 아니기를,구병모,문학과지성사,2015년 03월,"12,600"
894,통영,반수연,강,2021년 06월,"12,600"
895,툰드라,강석경,강,2023년 01월,"13,500"
896,여진,안보윤,문학동네,2022년 06월,"13,320"
897,내 생의 마지막 다이어트,권여름,&(앤드),2021년 08월,"12,600"
898,적어도 두 번,김멜라,자음과모음,2020년 07월,"11,700"
899,살수 1,김진명,알에이치코리아(RHK),2019년 09월,"13,320"
900,내가 죽인 남자가 돌아왔다 ,황세연,마카롱,2019년 07월,"12,420"
901,퍽 Puck,고정욱,애플북스,2019년 05월,"10,350"
902,소문의 벽,이청준,문학과지성사,2011년 08월,"12,600"
903,태백산맥 10,조정래,해냄,2020년 10월,"15,750"
904,봉순이 언니,공지영,해냄,2017년 04월,"15,120"
905,나비 사냥,박영광,매드픽션,2013년 05월,"12,600"
906,사랑을 선택하는 특별한 기준 1,김형경,사람풍경,2012년 07월,"12,420"
907,시발;연(緣),niNAno,지식과감성#,2022년 11월,"10,800"
908,그녀를 만나다,정보라,아작,2021년 08월,"13,320"
909,중금 1,임정원,비욘드오리진,2022년 10월,"13,320"
910,휴먼의 근사치,김나현,다산책방,2022년 06월,"12,600"
911,바이올렛,신경숙,문학동네,2022년 04월,"13,500"
912,달러구트 꿈 백화점 (큰글자도서),이미예,팩토리나인,2022년 09월,"32,000"
913,미중전쟁,김진명,쌤앤파커스,2020년 08월,"16,650"
914,기파,박해울,허블,2019년 11월,"10,800"
915,봄바람,박상률,사계절,2017년 07월,"11,700"
916,시인 동주,안소영,창비,2015년 03월,"13,320"
917,들개,이외수,해냄,2014년 04월,"13,050"
918,돌다리,이태준,다림,2000년 04월,"8,550"
919,관종이란 말이 좀 그렇죠,김홍,은행나무,2022년 05월,"12,600"
920,날개,이상,디자인이음,2017년 12월,"3,600"
921,명랑한 밤길,공선옥,창비,2007년 12월,"13,500"
922,요람기,오영수,다림,2003년 07월,"8,550"
923,퀴즈쇼,김영하,복복서가,2022년 09월,"11,700"
924,금파,김해숙,다산책방,2022년 02월,"13,500"
925,펄프픽션,조예은,고블,2022년 01월,"12,150"
926,마령의 세계,최상희,창비,2021년 06월,"10,800"
927,탄금,장다혜,북레시피,2021년 02월,"14,220"
928,고양이달 2 (일러스트 특별판),박영주,아띠봄,2021년 03월,"29,700"
929,태백산맥 2,조정래,해냄,2020년 10월,"15,750"
930,지상의 노래,이승우,민음사,2020년 05월,"12,600"
931,새,오정희,문학과지성사,2017년 09월,"10,800"
932,손님,황석영,창비,2001년 06월,"11,700"
933,자아 찾기ing,최상아,책폴,2023년 01월,"12,600"
934,작은것들,강이라,득수,2022년 09월,"15,300"
935,까마귀 클럽,이원석,문학과지성사,2022년 03월,"12,600"
936,아름다움이 나를 멸시한다,은희경,창비,2020년 05월,"12,600"
937,살수 2,김진명,알에이치코리아(RHK),2019년 09월,"13,320"
938,유예,오상원,문학과지성사,2008년 11월,"9,000"
939,르네 마그리트의 연인 1,유지나,팩토리나인,2023년 01월,"12,600"
940,연옥의 수리공,경민선,마카롱,2022년 01월,"12,420"
941,FTL에 어서 오세요,클레이븐,그래비티북스,2021년 11월,"15,750"
942,대통령 정약용,윤종록,행복한북클럽,2021년 07월,"16,200"
943,오직 한 사람의 차지,김금희,문학동네,2019년 08월,"12,150"
944,사소한 취향 ,김학찬,교유서가,2022년 12월,"13,950"
945,카피캣 식당,범유진,&(앤드),2023년 01월,"12,150"
946,우리가 다시 만날 수 있다면,김윤태,북오션,2022년 10월,"14,400"
947,카프리치오,전기현,좋은땅,2022년 11월,"13,500"
948,"경계 너머로, 지맥(GEMAC)",전윤호,그래비티북스,2022년 08월,"13,950"
949,두 번째 달,최이수,에디토리얼,2021년 03월,"15,120"
950,죽음의 한 연구,박상륭,문학과지성사,2020년 07월,"16,200"
951,너를 읽는 순간,진희,푸른책들,2020년 04월,"12,350"
952,나의 남자,임경선,위즈덤하우스,2016년 03월,"10,800"
953,"언더, 스탠드",추정경,돌베개,2022년 07월,"11,700"
954,러브 플랜트,윤치규,자음과모음,2022년 02월,"10,800"
955,그렇게 우리의 이름이 되는 것이라고,신유진,1984Books(일구팔사북스),2019년 08월,"10,800"
956,L의 운동화,김숨,민음사,2016년 05월,"11,700"
957,칼,이외수,해냄,2014년 07월,"13,050"
958,후계자 1,이원호,반딧불이(한결미디어),2022년 01월,"14,400"
959,교실 맨 앞줄,김성일,돌베개,2021년 05월,"10,800"
960,난설헌,최문희,다산책방,2021년 03월,"13,500"
961,고도일보 송가을인데요,송경화,한겨레출판,2021년 03월,"12,600"
962,만세전,염상섭,문학과지성사,2005년 01월,"9,900"
963,그대 아직도 꿈꾸고 있는가,박완서,세계사,2012년 01월,"11,700"
964,소설로 읽는 그리스 로마 신화,진성,춤추는고래,2022년 07월,"15,120"
965,나의 할머니에게,윤성희,다산책방,2020년 05월,"13,320"
966,섬의 애슐리,정세랑,미메시스,2018년 06월,"7,020"
967,"꾿빠이, 이상",김연수,문학동네,2016년 04월,"11,700"
968,잠실동 사람들,정아은,한겨레출판,2015년 02월,"12,150"
969,나의 삼촌 브루스 리 1,천명관,예담,2012년 01월,"11,520"
970,메타버스 장르문학상 수상작품집 1,조혜린,고즈넉이엔티,2022년 05월,"11,250"
971,사자가 푸른 눈을 뜨는 밤 ,조용호,민음사,2022년 08월,"12,600"
972,후계자 2,이원호,반딧불이(한결미디어),2022년 01월,"14,400"
973,우리는 우리의 최선을,강석희,창비교육,2021년 11월,"12,600"
974,너의 세상으로,조윤경,하빌리스,2021년 04월,"12,420"
975,태백산맥 6,조정래,해냄,2020년 10월,"15,750"
976,미나,김사과,창비,2008년 01월,"11,700"
977,지리산 4,이병주,한길사,2006년 04월,"13,050"
978,단죄의 신들,박해로,네오픽션,2022년 09월,"13,050"
979,소녀 연예인 이보나,한정현,민음사,2020년 07월,"11,700"
980,권태,이상,민음사,2017년 06월,"7,920"
981,맨홀,박지리,사계절,2017년 07월,"11,700"
982,저녁의 해후,박완서,문학동네,2006년 08월,"14,850"
983,지리산 1,이병주,한길사,2006년 04월,"13,050"
984,겨울이 마주한 봄은 멍멍이에요,강이서,스토리해윰,2022년 12월,"14,220"
985,르네 마그리트의 연인 2,유지나,팩토리나인,2023년 01월,"12,600"
986,잔혹범죄전담팀 라플레시아걸,한새마,북오션,2023년 01월,"14,400"
987,발 없는 새,정찬,창비,2022년 06월,"12,600"
988,국수,김숨,창비,2022년 01월,"12,600"
989,한 사람을 위한 마음,이주란,문학동네,2019년 11월,"11,700"
990,2019 제10회 젊은작가상 수상작품집,박상영,문학동네,2019년 04월,"11,700"
991,미남당 사건수첩,정재한,CABINET,2018년 04월,"11,700"
992,나의 삼촌 브루스 리 2,천명관,예담,2012년 02월,"11,520"
993,달의 바다,정한아,문학동네,2007년 07월,"8,550"
994,방학,최설,마시멜로,2022년 03월,"12,420"
995,사막을 지나는 시간,강미,문학과지성사,2022년 02월,"10,800"
996,호러,김혜영,안전가옥,2021년 12월,"11,700"
997,마담 타로,이수아,책과나무,2021년 11월,"12,600"
998,오늘 밤은 사라지지 말아요,백수린,마음산책,2019년 11월,"12,150"
999,여성작가 SF 단편모음집,김지현,온우주,2018년 03월,"13,500"
